-- Active: 1686788664084@@127.0.0.1@5432@bank_accounts_management_systems
/* Bank Accounts Management System
Schema & Tables
© 2023 Tushar Aggarwal. All rights reserved.
*/
CREATE DATABASE bank_accounts_management_systems;

/* ======================= TABLES ========================*/
CREATE TABLE customers (
    customer_id SERIAL PRIMARY KEY,
    first_name VARCHAR (50),
    last_name VARCHAR (50),
    address VARCHAR (100),
    contact_number VARCHAR (15),
    email VARCHAR (100),
    date_of_birth DATE
    );

CREATE TABLE employees (
    employee_id SERIAL PRIMARY KEY,
    first_name VARCHAR (50),
    last_name VARCHAR (50),
    position VARCHAR (50),
    email VARCHAR (100),
    contact_number  VARCHAR(15)
    );

CREATE TABLE accounts (
    account_id SERIAL PRIMARY KEY,
    customer_id INT REFERENCES customers(customer_id),
    balance DECIMAL(10,2),
    account_type  VARCHAR(50)
    );

CREATE TABLE transactions (
    transaction_id SERIAL PRIMARY KEY,
    account_id INT REFERENCES accounts(account_id),
    employee_id INT REFERENCES employees(employee_id),
    transaction_type VARCHAR (50),
    amount DECIMAL(10,2),
    transaction_date TIMESTAMP
    );

CREATE TABLE reports (
    report_id SERIAL PRIMARY KEY,
    report_name VARCHAR(50),
    report_description VARCHAR(100),
    report_date DATE
    );


/* ======================= INSERTING VALUES ========================*/

INSERT INTO customers(first_name, last_name, address, contact_number, email, date_of_birth)
    VAlUES ('John', 'Smith', '123 Main St, Anytown', '123-456-7890', 'john.smith@example.com', '1990-05-15'),
  ('Jane', 'Doe', '456 Elm St, Anycity', '987-654-3210', 'jane.doe@example.com', '1995-10-20'),
  ('David', 'Johnson', '789 Oak Ave, Someplace', '555-555-5555', 'david.johnson@example.com', '1988-02-28'),
  ('Sarah', 'Williams', '321 Pine Rd, Somewhere', '222-333-4444', 'sarah.williams@example.com', '1992-07-10'),
  ('Robert', 'Brown', '567 Maple Ln, Anyplace', '777-888-9999', 'robert.brown@example.com', '1985-12-03'),
  ('Jennifer', 'Davis', '789 Oak Ave, Someplace', '555-555-5555', 'jennifer.davis@example.com', '1994-04-18'),
  ('Michael', 'Wilson', '890 Cedar St, Elsewhere', '333-444-5555', 'michael.wilson@example.com', '1991-09-05'),
  ('Emily', 'Taylor', '456 Elm St, Anycity', '987-654-3210', 'emily.taylor@example.com', '1996-02-21'),
  ('Daniel', 'Anderson', '123 Main St, Anytown', '123-456-7890', 'daniel.anderson@example.com', '1987-06-30'),
  ('Olivia', 'Thomas', '432 Oak Ave, Somewhere', '222-333-4444', 'olivia.thomas@example.com', '1993-11-14'),
  ('Matthew', 'White', '678 Pine Rd, Somewhere', '777-888-9999', 'matthew.white@example.com', '1998-01-07'),
  ('Sophia', 'Clark', '567 Maple Ln, Anyplace', '555-555-5555', 'sophia.clark@example.com', '1989-04-24'),
  ('Andrew', 'Hall', '890 Cedar St, Elsewhere', '333-444-5555', 'andrew.hall@example.com', '1997-08-17'),
  ('Ava', 'Lewis', '321 Pine Rd, Somewhere', '222-333-4444', 'ava.lewis@example.com', '1994-03-11'),
  ('William', 'Harris', '123 Main St, Anytown', '123-456-7890', 'william.harris@example.com', '1986-07-28'),
  ('Samantha', 'Robinson', '432 Oak Ave, Somewhere', '222-333-4444', 'samantha.robinson@example.com', '1992-12-01'),
  ('Joseph', 'Walker', '678 Pine Rd, Somewhere', '777-888-9999', 'joseph.walker@example.com', '1988-05-26'),
  ('Abigail', 'Young', '456 Elm St, Anycity', '987-654-3210', 'abigail.young@example.com', '1996-10-09'),
  ('Liam', 'Martin', '789 Oak Ave, Someplace', '555-555-5555', 'liam.martin@example.com', '1997-03-05'),
  ('Emma', 'Johnson', '890 Cedar St, Elsewhere', '333-444-5555', 'emma.johnson@example.com', '1993-08-22'),
  ('Noah', 'Lee', '321 Pine Rd, Somewhere', '222-333-4444', 'noah.lee@example.com', '1995-02-16'),
  ('Olivia', 'Green', '567 Maple Ln, Anyplace', '777-888-9999', 'olivia.green@example.com', '1987-07-31'),
  ('William', 'Walker', '123 Main St, Anytown', '123-456-7890', 'william.walker@example.com', '1994-12-25'),
  ('Ava', 'Turner', '432 Oak Ave, Somewhere', '222-333-4444', 'ava.turner@example.com', '1991-05-19'),
  ('Isabella', 'Baker', '678 Pine Rd, Somewhere', '777-888-9999', 'isabella.baker@example.com', '1996-10-03'),
  ('Mason', 'Hall', '456 Elm St, Anycity', '987-654-3210', 'mason.hall@example.com', '1998-04-11'),
  ('Sophia', 'Allen', '890 Cedar St, Elsewhere', '333-444-5555', 'sophia.allen@example.com', '1992-09-27'),
  ('Lucas', 'Gonzalez', '321 Pine Rd, Somewhere', '222-333-4444', 'lucas.gonzalez@example.com', '1997-01-14'),
  ('Benjamin', 'King', '567 Maple Ln, Anyplace', '777-888-9999', 'benjamin.king@example.com', '1990-06-09'),
  ('Mia', 'Lewis', '789 Oak Ave, Someplace', '555-555-5555', 'mia.lewis@example.com', '1995-11-02'),
  ('Henry', 'Robinson', '890 Cedar St, Elsewhere', '333-444-5555', 'henry.robinson@example.com', '1989-04-17'),
  ('Evelyn', 'Harris', '432 Oak Ave, Somewhere', '222-333-4444', 'evelyn.harris@example.com', '1994-09-12'),
  ('Alexander', 'Clark', '678 Pine Rd, Somewhere', '777-888-9999', 'alexander.clark@example.com', '1991-02-26'),
  ('Sofia', 'Walker', '123 Main St, Anytown', '123-456-7890', 'sofia.walker@example.com', '1996-07-23'),
  ('Michael', 'Young', '321 Pine Rd, Somewhere', '222-333-4444', 'michael.young@example.com', '1993-12-18'),
  ('Daniel', 'Garcia', '789 Oak Ave, Someplace', '555-555-5555', 'daniel.garcia@example.com', '1995-04-07'),
  ('Elijah', 'Moore', '890 Cedar St, Elsewhere', '333-444-5555', 'elijah.moore@example.com', '1992-09-13'),
  ('Harper', 'Wright', '321 Pine Rd, Somewhere', '222-333-4444', 'harper.wright@example.com', '1997-01-18'),
  ('Daniel', 'Flores', '567 Maple Ln, Anyplace', '777-888-9999', 'daniel.flores@example.com', '1991-05-23'),
  ('Avery', 'Perez', '123 Main St, Anytown', '123-456-7890', 'avery.perez@example.com', '1996-10-28'),
  ('Mila', 'Jackson', '432 Oak Ave, Somewhere', '222-333-4444', 'mila.jackson@example.com', '1987-03-15'),
  ('Carter', 'Martin', '678 Pine Rd, Somewhere', '777-888-9999', 'carter.martin@example.com', '1994-08-30'),
  ('Scarlett', 'Thompson', '456 Elm St, Anycity', '987-654-3210', 'scarlett.thompson@example.com', '1999-01-25'),
  ('Matthew', 'Lopez', '890 Cedar St, Elsewhere', '333-444-5555', 'matthew.lopez@example.com', '1993-06-05'),
  ('Victoria', 'Hall', '321 Pine Rd, Somewhere', '222-333-4444', 'victoria.hall@example.com', '1998-11-10'),
  ('James', 'Adams', '567 Maple Ln, Anyplace', '777-888-9999', 'james.adams@example.com', '1991-04-15'),
  ('Aria', 'Scott', '789 Oak Ave, Someplace', '555-555-5555', 'aria.scott@example.com', '1996-09-20'),
  ('Joseph', 'Gonzalez', '890 Cedar St, Elsewhere', '333-444-5555', 'joseph.gonzalez@example.com', '1992-12-25'),
  ('Grace', 'Nelson', '432 Oak Ave, Somewhere', '222-333-4444', 'grace.nelson@example.com', '1997-05-30'),
  ('Levi', 'Parker', '678 Pine Rd, Somewhere', '777-888-9999', 'levi.parker@example.com', '1994-10-04'),
  ('Aubrey', 'Cook', '456 Elm St, Anycity', '987-654-3210', 'aubrey.cook@example.com', '1988-02-19'),
  ('Christopher', 'Hill', '890 Cedar St, Elsewhere', '333-444-5555', 'christopher.hill@example.com', '1993-07-26'),
  ('Zoey', 'Allen', '321 Pine Rd, Somewhere', '222-333-4444', 'zoey.allen@example.com', '1998-12-31'),
  ('Wyatt', 'Ward', '567 Maple Ln, Anyplace', '777-888-9999', 'wyatt.ward@example.com', '1991-06-05'),
  ('Hazel', 'Baker', '789 Oak Ave, Someplace', '555-555-5555', 'hazel.baker@example.com', '1996-11-10'),
  ('Sebastian', 'Barnes', '890 Cedar St, Elsewhere', '333-444-5555', 'sebastian.barnes@example.com', '1992-02-15'),
  ('Addison', 'Morris', '432 Oak Ave, Somewhere', '222-333-4444', 'addison.morris@example.com', '1997-07-22'),
  ('Elijah', 'Rogers', '678 Pine Rd, Somewhere', '777-888-9999', 'elijah.rogers@example.com', '1994-12-27'),
  ('Natalie', 'Reed', '456 Elm St, Anycity', '987-654-3210', 'natalie.reed@example.com', '1989-05-04'),
  ('Layla', 'Cook', '890 Cedar St, Elsewhere', '333-444-5555', 'layla.cook@example.com', '1995-10-09'),
  ('Grayson', 'Ross', '321 Pine Rd, Somewhere', '222-333-4444', 'grayson.ross@example.com', '1990-01-14'),
  ('Chloe', 'Murphy', '567 Maple Ln, Anyplace', '777-888-9999', 'chloe.murphy@example.com', '1996-06-19'),
  ('Zachary', 'Turner', '789 Oak Ave, Someplace', '555-555-5555', 'zachary.turner@example.com', '1993-11-24'),
  ('Elizabeth', 'Perez', '890 Cedar St, Elsewhere', '333-444-5555', 'elizabeth.perez@example.com', '1998-04-01'),
  ('Henry', 'Wright', '432 Oak Ave, Somewhere', '222-333-4444', 'henry.wright@example.com', '1991-09-06'),
  ('Madison', 'Morales', '678 Pine Rd, Somewhere', '777-888-9999', 'madison.morales@example.com', '1997-02-11'),
  ('Joseph', 'Cooper', '456 Elm St, Anycity', '987-654-3210', 'joseph.cooper@example.com', '1994-07-18'),
  ('Lily', 'Sanders', '890 Cedar St, Elsewhere', '333-444-5555', 'lily.sanders@example.com', '1988-12-25'),
  ('Samuel', 'Jenkins', '321 Pine Rd, Somewhere', '222-333-4444', 'samuel.jenkins@example.com', '1993-05-02'),
  ('Alyssa', 'Coleman', '567 Maple Ln, Anyplace', '777-888-9999', 'alyssa.coleman@example.com', '1990-08-07'),
  ('Nathan', 'Hughes', '789 Oak Ave, Someplace', '555-555-5555', 'nathan.hughes@example.com', '1995-01-12'),
  ('Arianna', 'Washington', '890 Cedar St, Elsewhere', '333-444-5555', 'arianna.washington@example.com', '1992-04-19'),
  ('Connor', 'Price', '432 Oak Ave, Somewhere', '222-333-4444', 'connor.price@example.com', '1997-09-26'),
  ('Ella', 'Butler', '678 Pine Rd, Somewhere', '777-888-9999', 'ella.butler@example.com', '1994-12-31'),
  ('Christian', 'Simmons', '456 Elm St, Anycity', '987-654-3210', 'christian.simmons@example.com', '1989-04-07'),
  ('Stella', 'Foster', '890 Cedar St, Elsewhere', '333-444-5555', 'stella.foster@example.com', '1995-09-12'),
  ('Landon', 'Gonzalez', '321 Pine Rd, Somewhere', '222-333-4444', 'landon.gonzalez@example.com', '1990-12-19'),
  ('Maya', 'Bennett', '567 Maple Ln, Anyplace', '777-888-9999', 'maya.bennett@example.com', '1996-05-26'),
  ('David', 'Reyes', '789 Oak Ave, Someplace', '555-555-5555', 'david.reyes@example.com', '1993-10-01'),
  ('Eli', 'Hill', '890 Cedar St, Elsewhere', '333-444-5555', 'eli.hill@example.com', '1998-03-08'),
  ('Gabriella', 'Russell', '432 Oak Ave, Somewhere', '222-333-4444', 'gabriella.russell@example.com', '1991-06-15'),
  ('Adrian', 'Sanders', '678 Pine Rd, Somewhere', '777-888-9999', 'adrian.sanders@example.com', '1997-11-20'),
  ('Skylar', 'Harris', '456 Elm St, Anycity', '987-654-3210', 'skylar.harris@example.com', '1988-02-25'),
  ('Nora', 'Jenkins', '890 Cedar St, Elsewhere', '333-444-5555', 'nora.jenkins@example.com', '1993-07-03'),
  ('Caleb', 'Watson', '321 Pine Rd, Somewhere', '222-333-4444', 'caleb.watson@example.com', '1998-12-10'),
  ('Hannah', 'Coleman', '567 Maple Ln, Anyplace', '777-888-9999', 'hannah.coleman@example.com', '1991-03-17'),
  ('Isaac', 'Bryant', '789 Oak Ave, Someplace', '555-555-5555', 'isaac.bryant@example.com', '1996-08-24'),
  ('Leah', 'Turner', '890 Cedar St, Elsewhere', '333-444-5555', 'leah.turner@example.com', '1992-11-29'),
  ('Jonathan', 'Foster', '432 Oak Ave, Somewhere', '222-333-4444', 'jonathan.foster@example.com', '1997-04-06'),
  ('Savannah', 'Murphy', '678 Pine Rd, Somewhere', '777-888-9999', 'savannah.murphy@example.com', '1994-09-13'),
  ('Landon', 'Richardson', '456 Elm St, Anycity', '987-654-3210', 'landon.richardson@example.com', '1989-12-20'),
  ('Brooklyn', 'Gray', '890 Cedar St, Elsewhere', '333-444-5555', 'brooklyn.gray@example.com', '1995-03-27'),
  ('Ryan', 'Washington', '321 Pine Rd, Somewhere', '222-333-4444', 'ryan.washington@example.com', '1990-06-02'),
  ('Audrey', 'Carter', '567 Maple Ln, Anyplace', '777-888-9999', 'audrey.carter@example.com', '1996-11-09'),
  ('Jeremiah', 'Morris', '789 Oak Ave, Someplace', '555-555-5555', 'jeremiah.morris@example.com', '1993-04-16'),
  ('Claire', 'Morales', '890 Cedar St, Elsewhere', '333-444-5555', 'claire.morales@example.com', '1998-09-23'),
  ('Austin', 'Barnes', '432 Oak Ave, Somewhere', '222-333-4444', 'austin.barnes@example.com', '1991-02-28'),
  ('Skylar', 'Hughes', '678 Pine Rd, Somewhere', '777-888-9999', 'skylar.hughes@example.com', '1997-08-07'),
  ('Taylor', 'Ross', '456 Elm St, Anycity', '987-654-3210', 'taylor.ross@example.com', '1992-11-14'),
  ('Harper', 'Reed', '890 Cedar St, Elsewhere', '333-444-5555', 'harper.reed@example.com', '1997-04-21'),
  ('Ayden', 'Ward', '321 Pine Rd, Somewhere', '222-333-4444', 'ayden.ward@example.com', '1990-07-28'),
  ('Genesis', 'Powell', '567 Maple Ln, Anyplace', '777-888-9999', 'genesis.powell@example.com', '1995-12-05'),
  ('Easton', 'Sanders', '789 Oak Ave, Someplace', '555-555-5555', 'easton.sanders@example.com', '1993-05-12'),
  ('Brooklyn', 'Bell', '890 Cedar St, Elsewhere', '333-444-5555', 'brooklyn.bell@example.com', '1998-10-19'),
  ('Colton', 'Price', '432 Oak Ave, Somewhere', '222-333-4444', 'colton.price@example.com', '1991-01-24'),
  ('Eleanor', 'Johnson', '678 Pine Rd, Somewhere', '777-888-9999', 'eleanor.johnson@example.com', '1996-06-02'),
  ('Parker', 'Baker', '456 Elm St, Anycity', '987-654-3210', 'parker.baker@example.com', '1988-11-09'),
  ('Skylar', 'White', '890 Cedar St, Elsewhere', '333-444-5555', 'skylar.white@example.com', '1993-02-14'),
  ('James', 'Miller', '890 Cedar St, Elsewhere', '333-444-5555', 'james.miller@example.com', '1997-06-29'),
  ('Charlotte', 'Moore', '321 Pine Rd, Somewhere', '222-333-4444', 'charlotte.moore@example.com', '1995-11-24'),
  ('Benjamin', 'Gonzalez', '567 Maple Ln, Anyplace', '777-888-9999', 'benjamin.gonzalez@example.com', '1992-04-09'),
  ('Mia', 'Taylor', '789 Oak Ave, Someplace', '555-555-5555', 'mia.taylor@example.com', '1988-09-04'),
  ('Henry', 'Smith', '890 Cedar St, Elsewhere', '333-444-5555', 'henry.smith@example.com', '1993-02-19'),
  ('Evelyn', 'Williams', '432 Oak Ave, Somewhere', '222-333-4444', 'evelyn.williams@example.com', '1996-07-16'),
  ('Alexander', 'Johnson', '678 Pine Rd, Somewhere', '777-888-9999', 'alexander.johnson@example.com', '1991-12-11'),
  ('Sofia', 'Davis', '123 Main St, Anytown', '123-456-7890', 'sofia.davis@example.com', '1994-05-06'),
  ('Michael', 'Thomas', '321 Pine Rd, Somewhere', '222-333-4444', 'michael.thomas@example.com', '1989-10-01'),
  ('Amelia', 'White', '567 Maple Ln, Anyplace', '777-888-9999', 'amelia.white@example.com', '1995-02-26'),
  ('William', 'Hall', '789 Oak Ave, Someplace', '555-555-5555', 'william.hall@example.com', '1992-07-23'),
  ('Ella', 'Brown', '890 Cedar St, Elsewhere', '333-444-5555', 'ella.brown@example.com', '1997-12-18'),
  ('James', 'Wilson', '432 Oak Ave, Somewhere', '222-333-4444', 'james.wilson@example.com', '1994-03-15'),
  ('Avery', 'Harris', '678 Pine Rd, Somewhere', '777-888-9999', 'avery.harris@example.com', '1991-08-10'),
  ('Sophia', 'Anderson', '123 Main St, Anytown', '123-456-7890', 'sophia.anderson@example.com', '1996-01-05'),
  ('Oliver', 'Lewis', '321 Pine Rd, Somewhere', '222-333-4444', 'oliver.lewis@example.com', '1993-06-30'),
  ('Ava', 'Young', '567 Maple Ln, Anyplace', '777-888-9999', 'ava.young@example.com', '1987-11-25'),
  ('Lucas', 'Clark', '789 Oak Ave, Someplace', '555-555-5555', 'lucas.clark@example.com', '1992-04-20'),
  ('Liam', 'Miller', '890 Cedar St, Elsewhere', '333-444-5555', 'liam.miller@example.com', '1997-09-15'),
  ('Charlotte', 'Moore', '432 Oak Ave, Somewhere', '222-333-4444', 'charlotte.moore@example.com', '1994-02-10'),
  ('Noah', 'Gonzalez', '678 Pine Rd, Somewhere', '777-888-9999', 'noah.gonzalez@example.com', '1988-07-07'),
  ('Isabella', 'Taylor', '123 Main St, Anytown', '123-456-7890', 'isabella.taylor@example.com', '1995-12-02'),
  ('Oliver', 'Smith', '321 Pine Rd, Somewhere', '222-333-4444', 'oliver.smith@example.com', '1990-05-29'),
  ('Sophia', 'Williams', '567 Maple Ln, Anyplace', '777-888-9999', 'sophia.williams@example.com', '1993-10-24'),
  ('Elijah', 'Hall', '789 Oak Ave, Someplace', '555-555-5555', 'elijah.hall@example.com', '1996-03-19'),
  ('Mia', 'Davis', '890 Cedar St, Elsewhere', '333-444-5555', 'mia.davis@example.com', '1991-08-14'),
  ('Lucas', 'Johnson', '432 Oak Ave, Somewhere', '222-333-4444', 'lucas.johnson@example.com', '1994-01-09'),
  ('Avery', 'Thomas', '678 Pine Rd, Somewhere', '777-888-9999', 'avery.thomas@example.com', '1989-06-04'),
  ('Benjamin', 'Brown', '123 Main St, Anytown', '123-456-7890', 'benjamin.brown@example.com', '1996-11-29'),
  ('Ella', 'Robinson', '321 Pine Rd, Somewhere', '222-333-4444', 'ella.robinson@example.com', '1993-04-24'),
  ('Oliver', 'Young', '567 Maple Ln, Anyplace', '777-888-9999', 'oliver.young@example.com', '1987-09-19'),
  ('Evelyn', 'Clark', '789 Oak Ave, Someplace', '555-555-5555', 'evelyn.clark@example.com', '1992-02-14'),
  ('Elijah', 'Miller', '890 Cedar St, Elsewhere', '333-444-5555', 'elijah.miller@example.com', '1997-07-11'),
  ('Liam', 'Moore', '432 Oak Ave, Somewhere', '222-333-4444', 'liam.moore@example.com', '1994-12-06'),
  ('Charlotte', 'Gonzalez', '678 Pine Rd, Somewhere', '777-888-9999', 'charlotte.gonzalez@example.com', '1988-05-03'),
  ('Isabella', 'Taylor', '123 Main St, Anytown', '123-456-7890', 'isabella.taylor@example.com', '1995-09-28'),
  ('Oliver', 'Smith', '321 Pine Rd, Somewhere', '222-333-4444', 'oliver.smith@example.com', '1990-02-23'),
  ('Sophia', 'Williams', '567 Maple Ln, Anyplace', '777-888-9999', 'sophia.williams@example.com', '1993-07-20'),
  ('Elijah', 'Hall', '789 Oak Ave, Someplace', '555-555-5555', 'elijah.hall@example.com', '1996-12-15'),
  ('Mia', 'Davis', '890 Cedar St, Elsewhere', '333-444-5555', 'mia.davis@example.com', '1991-05-12'),
  ('Lucas', 'Johnson', '432 Oak Ave, Somewhere', '222-333-4444', 'lucas.johnson@example.com', '1994-10-07'),
  ('Avery', 'Thomas', '678 Pine Rd, Somewhere', '777-888-9999', 'avery.thomas@example.com', '1989-03-04'),
  ('Benjamin', 'Brown', '123 Main St, Anytown', '123-456-7890', 'benjamin.brown@example.com', '1996-08-29'),
  ('Ella', 'Robinson', '321 Pine Rd, Somewhere', '222-333-4444', 'ella.robinson@example.com', '1993-01-24'),
  ('Oliver', 'Young', '567 Maple Ln, Anyplace', '777-888-9999', 'oliver.young@example.com', '1987-06-19'),
  ('Evelyn', 'Clark', '789 Oak Ave, Someplace', '555-555-5555', 'evelyn.clark@example.com', '1992-11-14'),
  ('Elijah', 'Miller', '890 Cedar St, Elsewhere', '333-444-5555', 'elijah.miller@example.com', '1997-04-11'),
  ('Liam', 'Moore', '432 Oak Ave, Somewhere', '222-333-4444', 'liam.moore@example.com', '1994-09-06'),
  ('Charlotte', 'Gonzalez', '678 Pine Rd, Somewhere', '777-888-9999', 'charlotte.gonzalez@example.com', '1988-02-01'),
  ('Isabella', 'Taylor', '123 Main St, Anytown', '123-456-7890', 'isabella.taylor@example.com', '1995-06-27'),
  ('Oliver', 'Smith', '321 Pine Rd, Somewhere', '222-333-4444', 'oliver.smith@example.com', '1990-11-22'),
  ('Sophia', 'Williams', '567 Maple Ln, Anyplace', '777-888-9999', 'sophia.williams@example.com', '1993-04-19'),
  ('Elijah', 'Hall', '789 Oak Ave, Someplace', '555-555-5555', 'elijah.hall@example.com', '1996-09-14'),
  ('Mia', 'Davis', '890 Cedar St, Elsewhere', '333-444-5555', 'mia.davis@example.com', '1991-02-09'),
  ('Lucas', 'Johnson', '432 Oak Ave, Somewhere', '222-333-4444', 'lucas.johnson@example.com', '1994-07-06'),
  ('Avery', 'Thomas', '678 Pine Rd, Somewhere', '777-888-9999', 'avery.thomas@example.com', '1989-12-01'),
  ('Benjamin', 'Brown', '123 Main St, Anytown', '123-456-7890', 'benjamin.brown@example.com', '1996-04-27')
  ;

INSERT INTO employees (first_name, last_name, position, email, contact_number)
VALUES
  ('Ethan', 'Johnson', 'Analyst', 'ethan.johnson@example.com', '333-444-5555'),
  ('Ava', 'Anderson', 'Supervisor', 'ava.anderson@example.com', '666-777-8888'),
  ('Jacob', 'Davis', 'Developer', 'jacob.davis@example.com', '222-333-4444'),
  ('Isabella', 'Wilson', 'Manager', 'isabella.wilson@example.com', '555-666-7777'),
  ('William', 'Smith', 'Cashier', 'william.smith@example.com', '888-999-0000'),
  ('Mia', 'Jones', 'Teller', 'mia.jones@example.com', '111-222-3333'),
  ('Alexander', 'Brown', 'Analyst', 'alexander.brown@example.com', '444-555-6666'),
  ('Charlotte', 'Davis', 'Supervisor', 'charlotte.davis@example.com', '777-888-9999'),
  ('Liam', 'Miller', 'Developer', 'liam.miller@example.com', '222-333-4444'),
  ('Sophia', 'Wilson', 'Manager', 'sophia.wilson@example.com', '555-666-7777'),
  ('Elijah', 'Smith', 'Cashier', 'elijah.smith@example.com', '888-999-0000'),
  ('Olivia', 'Jones', 'Teller', 'olivia.jones@example.com', '111-222-3333'),
  ('Lucas', 'Anderson', 'Analyst', 'lucas.anderson@example.com', '444-555-6666'),
  ('Amelia', 'Davis', 'Supervisor', 'amelia.davis@example.com', '777-888-9999'),
  ('Benjamin', 'Miller', 'Developer', 'benjamin.miller@example.com', '222-333-4444'),
  ('Isabella', 'Wilson', 'Manager', 'isabella.wilson@example.com', '555-666-7777'),
  ('James', 'Smith', 'Cashier', 'james.smith@example.com', '888-999-0000'),
  ('Olivia', 'Jones', 'Teller', 'olivia.jones@example.com', '111-222-3333'),
  ('Lucas', 'Anderson', 'Analyst', 'lucas.anderson@example.com', '444-555-6666'),
  ('Amelia', 'Davis', 'Supervisor', 'amelia.davis@example.com', '777-888-9999'),
  ('Benjamin', 'Miller', 'Developer', 'benjamin.miller@example.com', '222-333-4444'),
  ('Ethan', 'Johnson', 'Analyst', 'ethan.johnson@example.com', '333-444-5555'),
  ('Ava', 'Anderson', 'Supervisor', 'ava.anderson@example.com', '666-777-8888'),
  ('Jacob', 'Davis', 'Developer', 'jacob.davis@example.com', '222-333-4444'),
  ('Isabella', 'Wilson', 'Manager', 'isabella.wilson@example.com', '555-666-7777'),
  ('William', 'Smith', 'Cashier', 'william.smith@example.com', '888-999-0000'),
  ('Mia', 'Jones', 'Teller', 'mia.jones@example.com', '111-222-3333'),
  ('Alexander', 'Brown', 'Analyst', 'alexander.brown@example.com', '444-555-6666'),
  ('Charlotte', 'Davis', 'Supervisor', 'charlotte.davis@example.com', '777-888-9999'),
  ('Liam', 'Miller', 'Developer', 'liam.miller@example.com', '222-333-4444')
  ;

INSERT INTO accounts (customer_id, balance, account_type)
VALUES
  (1, 5000.00, 'Savings'),
  (2, 2500.00, 'Checking'),
  (3, 10000.00, 'Savings'),
  (4, 7500.00, 'Checking'),
  (5, 3000.00, 'Savings'),
  (6, 6000.00, 'Checking'),
  (7, 15000.00, 'Savings'),
  (8, 4500.00, 'Checking'),
  (9, 12000.00, 'Savings'),
  (10, 8000.00, 'Checking'),
  (11, 4000.00, 'Savings'),
  (12, 9000.00, 'Checking'),
  (13, 20000.00, 'Savings'),
  (14, 5500.00, 'Checking'),
  (15, 10000.00, 'Savings'),
  (16, 6500.00, 'Checking'),
  (17, 18000.00, 'Savings'),
  (18, 5000.00, 'Checking'),
  (19, 14000.00, 'Savings'),
  (20, 7000.00, 'Checking'),
  (21, 3500.00, 'Savings'),
  (22, 11000.00, 'Checking'),
  (23, 22000.00, 'Savings'),
  (24, 6000.00, 'Checking'),
  (25, 16000.00, 'Savings'),
  (26, 8500.00, 'Checking'),
  (27, 20000.00, 'Savings'),
  (28, 5000.00, 'Checking'),
  (29, 13000.00, 'Savings'),
  (30, 7500.00, 'Checking'),
  (31, 24000.00, 'Savings'),
  (32, 7000.00, 'Checking'),
  (33, 17000.00, 'Savings'),
  (34, 8000.00, 'Checking'),
  (35, 19000.00, 'Savings'),
  (36, 5500.00, 'Checking'),
  (37, 12000.00, 'Savings'),
  (38, 6500.00, 'Checking'),
  (39, 22000.00, 'Savings'),
  (40, 7500.00, 'Checking'),
  (41, 16000.00, 'Savings'),
  (42, 5000.00, 'Checking'),
  (43, 14000.00, 'Savings'),
  (44, 7000.00, 'Checking'),
  (45, 17000.00, 'Savings'),
  (46, 6000.00, 'Checking'),
  (47, 13000.00, 'Savings'),
  (48, 9000.00, 'Checking'),
  (49, 24000.00, 'Savings'),
  (50, 8000.00, 'Checking'),
  (51, 21000.00, 'Savings'),
  (52, 4500.00, 'Checking'),
  (53, 16000.00, 'Savings'),
  (54, 7000.00, 'Checking'),
  (55, 18000.00, 'Savings'),
  (56, 5500.00, 'Checking'),
  (57, 12000.00, 'Savings'),
  (58, 6500.00, 'Checking'),
  (59, 22000.00, 'Savings'),
  (60, 7500.00, 'Checking'),
  (61, 16000.00, 'Savings'),
  (62, 5000.00, 'Checking'),
  (63, 14000.00, 'Savings'),
  (64, 7000.00, 'Checking'),
  (65, 17000.00, 'Savings'),
  (66, 6000.00, 'Checking'),
  (67, 13000.00, 'Savings'),
  (68, 9000.00, 'Checking'),
  (69, 24000.00, 'Savings'),
  (70, 8000.00, 'Checking'),
  (71, 21000.00, 'Savings'),
  (72, 4500.00, 'Checking'),
  (73, 16000.00, 'Savings'),
  (74, 7000.00, 'Checking'),
  (75, 18000.00, 'Savings'),
  (76, 5500.00, 'Checking'),
  (77, 12000.00, 'Savings'),
  (78, 6500.00, 'Checking'),
  (79, 22000.00, 'Savings'),
  (80, 7500.00, 'Checking'),
  (81, 16000.00, 'Savings'),
  (82, 5000.00, 'Checking'),
  (83, 14000.00, 'Savings'),
  (84, 7000.00, 'Checking'),
  (85, 17000.00, 'Savings')
  ;

INSERT INTO transactions (account_id, employee_id, transaction_type, amount, transaction_date)
VALUES
  (1, 2, 'Deposit', 1000.00, '2023-06-01 10:30:00'),
  (2, 1, 'Withdrawal', 500.00, '2023-06-02 14:15:00'),
  (3, 3, 'Deposit', 2000.00, '2023-06-03 09:45:00'),
  (4, 4, 'Withdrawal', 800.00, '2023-06-04 11:20:00'),
  (5, 1, 'Deposit', 1500.00, '2023-06-05 16:30:00'),
  (6, 3, 'Withdrawal', 300.00, '2023-06-06 13:45:00'),
  (7, 2, 'Deposit', 2000.00, '2023-06-07 10:15:00'),
  (8, 1, 'Withdrawal', 600.00, '2023-06-08 14:50:00'),
  (9, 4, 'Deposit', 1200.00, '2023-06-09 12:10:00'),
  (10, 3, 'Withdrawal', 900.00, '2023-06-10 09:30:00'),
  (11, 2, 'Deposit', 2500.00, '2023-06-11 15:20:00'),
  (12, 1, 'Withdrawal', 700.00, '2023-06-12 11:45:00'),
  (13, 4, 'Deposit', 1800.00, '2023-06-13 14:40:00'),
  (14, 3, 'Withdrawal', 400.00, '2023-06-14 10:25:00'),
  (15, 2, 'Deposit', 3000.00, '2023-06-15 12:35:00'),
  (16, 1, 'Withdrawal', 900.00, '2023-06-16 09:50:00'),
  (17, 4, 'Deposit', 2100.00, '2023-06-17 13:15:00'),
  (18, 3, 'Withdrawal', 500.00, '2023-06-18 10:05:00'),
  (19, 2, 'Deposit', 3500.00, '2023-06-19 16:20:00'),
  (20, 1, 'Withdrawal', 1200.00, '2023-06-20 11:30:00'),
  (21, 4, 'Deposit', 2400.00, '2023-06-21 14:55:00'),
  (22, 3, 'Withdrawal', 600.00, '2023-06-22 10:40:00'),
  (23, 2, 'Deposit', 4000.00, '2023-06-23 12:50:00'),
  (24, 1, 'Withdrawal', 1500.00, '2023-06-24 09:15:00'),
  (25, 4, 'Deposit', 2700.00, '2023-06-25 13:40:00'),
  (26, 3, 'Withdrawal', 700.00, '2023-06-26 10:55:00'),
  (27, 2, 'Deposit', 4500.00, '2023-06-27 16:10:00'),
  (28, 1, 'Withdrawal', 1800.00, '2023-06-28 11:25:00'),
  (29, 4, 'Deposit', 3000.00, '2023-06-29 14:50:00'),
  (30, 3, 'Withdrawal', 800.00, '2023-06-30 10:05:00'),
  (31, 2, 'Deposit', 5000.00, '2023-07-01 15:30:00'),
  (32, 1, 'Withdrawal', 2000.00, '2023-07-02 11:45:00'),
  (33, 4, 'Deposit', 3300.00, '2023-07-03 14:20:00'),
  (34, 3, 'Withdrawal', 900.00, '2023-07-04 10:35:00'),
  (35, 2, 'Deposit', 5500.00, '2023-07-05 16:50:00'),
  (36, 1, 'Withdrawal', 2500.00, '2023-07-06 12:05:00'),
  (37, 4, 'Deposit', 3600.00, '2023-07-07 14:30:00'),
  (38, 3, 'Withdrawal', 700.00, '2023-07-08 10:45:00'),
  (39, 2, 'Deposit', 6000.00, '2023-07-09 16:00:00'),
  (40, 1, 'Withdrawal', 2800.00, '2023-07-10 11:15:00'),
  (41, 4, 'Deposit', 3900.00, '2023-07-11 13:40:00'),
  (42, 3, 'Withdrawal', 800.00, '2023-07-12 09:55:00'),
  (43, 2, 'Deposit', 6500.00, '2023-07-13 15:10:00'),
  (44, 1, 'Withdrawal', 3100.00, '2023-07-14 11:25:00'),
  (45, 4, 'Deposit', 4200.00, '2023-07-15 13:50:00'),
  (46, 3, 'Withdrawal', 900.00, '2023-07-16 10:05:00'),
  (47, 2, 'Deposit', 7000.00, '2023-07-17 16:20:00'),
  (48, 1, 'Withdrawal', 3400.00, '2023-07-18 11:35:00'),
  (49, 4, 'Deposit', 4500.00, '2023-07-19 13:10:00'),
  (50, 3, 'Withdrawal', 1000.00, '2023-07-20 10:15:00'),
  (51, 2, 'Deposit', 7500.00, '2023-07-21 15:30:00'),
  (52, 1, 'Withdrawal', 3700.00, '2023-07-22 11:45:00'),
  (53, 4, 'Deposit', 4800.00, '2023-07-23 14:10:00'),
  (54, 3, 'Withdrawal', 1100.00, '2023-07-24 10:25:00'),
  (55, 2, 'Deposit', 8000.00, '2023-07-25 15:40:00'),
  (56, 1, 'Withdrawal', 4000.00, '2023-07-26 11:55:00'),
  (57, 4, 'Deposit', 5100.00, '2023-07-27 14:20:00'),
  (58, 3, 'Withdrawal', 1200.00, '2023-07-28 10:35:00'),
  (59, 2, 'Deposit', 8500.00, '2023-07-29 15:50:00'),
  (60, 1, 'Withdrawal', 4300.00, '2023-07-30 12:05:00'),
  (61, 4, 'Deposit', 5400.00, '2023-07-31 14:30:00'),
  (62, 3, 'Withdrawal', 1300.00, '2023-08-01 10:45:00'),
  (63, 2, 'Deposit', 9000.00, '2023-08-02 16:00:00'),
  (64, 1, 'Withdrawal', 4600.00, '2023-08-03 11:15:00'),
  (65, 4, 'Deposit', 5700.00, '2023-08-04 13:40:00'),
  (66, 3, 'Withdrawal', 1400.00, '2023-08-05 09:55:00'),
  (67, 2, 'Deposit', 9500.00, '2023-08-06 15:10:00'),
  (68, 1, 'Withdrawal', 4900.00, '2023-08-07 11:25:00'),
  (69, 4, 'Deposit', 6000.00, '2023-08-08 13:50:00'),
  (70, 3, 'Withdrawal', 1500.00, '2023-08-09 10:05:00'),
  (71, 2, 'Deposit', 10000.00, '2023-08-10 16:20:00'),
  (72, 1, 'Withdrawal', 5200.00, '2023-08-11 11:35:00'),
  (73, 4, 'Deposit', 6300.00, '2023-08-12 13:10:00'),
  (74, 3, 'Withdrawal', 1600.00, '2023-08-13 10:15:00'),
  (75, 2, 'Deposit', 10500.00, '2023-08-14 15:30:00'),
  (76, 1, 'Withdrawal', 5500.00, '2023-08-15 11:45:00'),
  (77, 4, 'Deposit', 6600.00, '2023-08-16 14:10:00'),
  (78, 3, 'Withdrawal', 1700.00, '2023-08-17 10:25:00'),
  (79, 2, 'Deposit', 11000.00, '2023-08-18 15:40:00'),
  (80, 1, 'Withdrawal', 5800.00, '2023-08-19 11:55:00'),
  (81, 4, 'Deposit', 6900.00, '2023-08-20 14:20:00'),
  (82, 3, 'Withdrawal', 1800.00, '2023-08-21 10:35:00'),
  (83, 2, 'Deposit', 11500.00, '2023-08-22 15:50:00'),
  (84, 1, 'Withdrawal', 6100.00, '2023-08-23 12:05:00'),
  (85, 4, 'Deposit', 7200.00, '2023-08-24 14:30:00'),
  (86, 3, 'Withdrawal', 1900.00, '2023-08-25 10:45:00'),
  (87, 2, 'Deposit', 12000.00, '2023-08-26 16:00:00'),
  (8, 1, 'Withdrawal', 6400.00, '2023-08-27 11:15:00'),
  (9, 4, 'Deposit', 7500.00, '2023-08-28 13:40:00'),
  (9, 3, 'Withdrawal', 2000.00, '2023-08-29 09:55:00'),
  (1, 2, 'Deposit', 12500.00, '2023-08-30 15:10:00'),
  (2, 1, 'Withdrawal', 6700.00, '2023-08-31 11:25:00'),
  (3, 4, 'Deposit', 7800.00, '2023-09-01 13:50:00'),
  (4, 3, 'Withdrawal', 2100.00, '2023-09-02 10:05:00'),
  (5, 2, 'Deposit', 13000.00, '2023-09-03 16:20:00'),
  (6, 1, 'Withdrawal', 7000.00, '2023-09-04 11:35:00'),
  (7, 4, 'Deposit', 8100.00, '2023-09-05 13:10:00'),
  (8, 3, 'Withdrawal', 2200.00, '2023-09-06 10:15:00'),
  (9, 2, 'Deposit', 13500.00, '2023-09-07 15:30:00'),
  (10, 1, 'Withdrawal', 7300.00, '2023-09-08 11:45:00'),
  (10, 4, 'Deposit', 8400.00, '2023-09-09 14:10:00'),
  (10, 3, 'Withdrawal', 2300.00, '2023-09-10 10:25:00'),
  (3, 2, 'Deposit', 14000.00, '2023-09-11 15:40:00'),
  (4, 1, 'Withdrawal', 7600.00, '2023-09-12 11:55:00'),
  (5, 4, 'Deposit', 8700.00, '2023-09-13 14:20:00'),
  (6, 3, 'Withdrawal', 2400.00, '2023-09-14 10:35:00'),
  (7, 2, 'Deposit', 14500.00, '2023-09-15 15:50:00'),
  (8, 1, 'Withdrawal', 7900.00, '2023-09-16 12:05:00'),
  (9, 4, 'Deposit', 9000.00, '2023-09-17 14:30:00'),
  (10, 3, 'Withdrawal', 2500.00, '2023-09-18 10:45:00'),
  (1, 2, 'Deposit', 15000.00, '2023-09-19 16:00:00'),
  (12, 1, 'Withdrawal', 8200.00, '2023-09-20 11:15:00'),
  (13, 4, 'Deposit', 9300.00, '2023-09-21 13:40:00'),
  (14, 3, 'Withdrawal', 2600.00, '2023-09-22 09:55:00'),
  (15, 2, 'Deposit', 15500.00, '2023-09-23 15:10:00'),
  (16, 1, 'Withdrawal', 8500.00, '2023-09-24 11:25:00'),
  (17, 4, 'Deposit', 9600.00, '2023-09-25 13:50:00'),
  (18, 3, 'Withdrawal', 2700.00, '2023-09-26 10:05:00'),
  (19, 2, 'Deposit', 16000.00, '2023-09-27 16:20:00'),
  (20, 1, 'Withdrawal', 8800.00, '2023-09-28 11:35:00'),
  (21, 4, 'Deposit', 9900.00, '2023-09-29 13:10:00'),
  (22, 3, 'Withdrawal', 2800.00, '2023-09-30 10:15:00'),
  (23, 2, 'Deposit', 16500.00, '2023-10-01 15:30:00'),
  (24, 1, 'Withdrawal', 9100.00, '2023-10-02 11:45:00'),
  (25, 4, 'Deposit', 10200.00, '2023-10-03 14:10:00'),
  (26, 3, 'Withdrawal', 2900.00, '2023-10-04 10:25:00'),
  (27, 2, 'Deposit', 17000.00, '2023-10-05 15:40:00'),
  (28, 1, 'Withdrawal', 9400.00, '2023-10-06 11:55:00'),
  (29, 4, 'Deposit', 10500.00, '2023-10-07 14:20:00'),
  (30, 3, 'Withdrawal', 3000.00, '2023-10-08 10:35:00'),
  (31, 2, 'Deposit', 17500.00, '2023-10-09 15:50:00'),
  (32, 1, 'Withdrawal', 9700.00, '2023-10-10 12:05:00'),
  (33, 4, 'Deposit', 10800.00, '2023-10-11 14:30:00'),
  (34, 3, 'Withdrawal', 3100.00, '2023-10-12 10:45:00'),
  (35, 2, 'Deposit', 18000.00, '2023-10-13 16:00:00'),
  (36, 1, 'Withdrawal', 10000.00, '2023-10-14 11:15:00'),
  (37, 4, 'Deposit', 11100.00, '2023-10-15 13:40:00'),
  (38, 3, 'Withdrawal', 3200.00, '2023-10-16 09:55:00'),
  (39, 2, 'Deposit', 18500.00, '2023-10-17 15:10:00'),
  (40, 1, 'Withdrawal', 10300.00, '2023-10-18 11:25:00'),
  (41, 4, 'Deposit', 11400.00, '2023-10-19 13:50:00'),
  (42, 3, 'Withdrawal', 3300.00, '2023-10-20 10:05:00'),
  (43, 2, 'Deposit', 19000.00, '2023-10-21 16:20:00'),
  (44, 1, 'Withdrawal', 10600.00, '2023-10-22 11:35:00'),
  (45, 4, 'Deposit', 11700.00, '2023-10-23 13:10:00'),
  (46, 3, 'Withdrawal', 3400.00, '2023-10-24 10:15:00'),
  (47, 2, 'Deposit', 19500.00, '2023-10-25 15:30:00'),
  (48, 1, 'Withdrawal', 10900.00, '2023-10-26 11:45:00'),
  (49, 4, 'Deposit', 12000.00, '2023-10-27 14:10:00'),
  (50, 3, 'Withdrawal', 3500.00, '2023-10-28 10:25:00'),
  (51, 2, 'Deposit', 20000.00, '2023-10-29 15:40:00'),
  (52, 1, 'Withdrawal', 11200.00, '2023-10-30 11:55:00'),
  (53, 4, 'Deposit', 12300.00, '2023-10-31 14:20:00'),
  (54, 3, 'Withdrawal', 3600.00, '2023-11-01 10:35:00'),
  (55, 2, 'Deposit', 20500.00, '2023-11-02 15:50:00'),
  (56, 1, 'Withdrawal', 11500.00, '2023-11-03 12:05:00'),
  (57, 4, 'Deposit', 12600.00, '2023-11-04 14:30:00'),
  (58, 3, 'Withdrawal', 3700.00, '2023-11-05 10:45:00'),
  (59, 2, 'Deposit', 21000.00, '2023-11-06 16:00:00'),
  (60, 1, 'Withdrawal', 11800.00, '2023-11-07 11:15:00'),
  (61, 4, 'Deposit', 12900.00, '2023-11-08 13:40:00'),
  (62, 3, 'Withdrawal', 3800.00, '2023-11-09 09:55:00'),
  (63, 2, 'Deposit', 21500.00, '2023-11-10 15:10:00'),
  (64, 1, 'Withdrawal', 12100.00, '2023-11-11 11:25:00'),
  (65, 4, 'Deposit', 13200.00, '2023-11-12 13:50:00'),
  (66, 3, 'Withdrawal', 3900.00, '2023-11-13 10:05:00'),
  (67, 2, 'Deposit', 22000.00, '2023-11-14 16:20:00'),
  (68, 1, 'Withdrawal', 12400.00, '2023-11-15 11:35:00'),
  (69, 4, 'Deposit', 13500.00, '2023-11-16 14:10:00'),
  (70, 3, 'Withdrawal', 4000.00, '2023-11-17 10:25:00'),
  (71, 2, 'Deposit', 22500.00, '2023-11-18 15:40:00'),
  (72, 1, 'Withdrawal', 12700.00, '2023-11-19 11:55:00'),
  (73, 4, 'Deposit', 13800.00, '2023-11-20 14:20:00'),
  (74, 3, 'Withdrawal', 4100.00, '2023-11-21 10:35:00'),
  (75, 2, 'Deposit', 23000.00, '2023-11-22 15:50:00'),
  (76, 1, 'Withdrawal', 13000.00, '2023-11-23 12:05:00'),
  (77, 4, 'Deposit', 14100.00, '2023-11-24 14:30:00'),
  (78, 3, 'Withdrawal', 4200.00, '2023-11-25 10:45:00'),
  (79, 2, 'Deposit', 23500.00, '2023-11-26 16:00:00'),
  (80, 1, 'Withdrawal', 13300.00, '2023-11-27 11:15:00'),
  (81, 4, 'Deposit', 14400.00, '2023-11-28 13:40:00'),
  (82, 3, 'Withdrawal', 4300.00, '2023-11-29 09:55:00'),
  (83, 2, 'Deposit', 24000.00, '2023-11-30 15:10:00'),
  (84, 1, 'Withdrawal', 13600.00, '2023-12-01 11:25:00'),
  (85, 4, 'Deposit', 14700.00, '2023-12-02 13:50:00'),
  (6, 3, 'Withdrawal', 4400.00, '2023-12-03 10:05:00'),
  (7, 2, 'Deposit', 24500.00, '2023-12-04 16:20:00'),
  (8, 1, 'Withdrawal', 13900.00, '2023-12-05 11:35:00'),
  (9, 4, 'Deposit', 15000.00, '2023-12-06 14:10:00'),
  (10, 3, 'Withdrawal', 4500.00, '2023-12-07 10:25:00'),
  (1, 2, 'Deposit', 25000.00, '2023-12-08 15:40:00'),
  (2, 1, 'Withdrawal', 14200.00, '2023-12-09 11:55:00'),
  (3, 4, 'Deposit', 15300.00, '2023-12-10 14:20:00'),
  (4, 3, 'Withdrawal', 4600.00, '2023-12-11 10:35:00'),
  (5, 2, 'Deposit', 25500.00, '2023-12-12 15:50:00'),
  (6, 1, 'Withdrawal', 14500.00, '2023-12-13 12:05:00'),
  (7, 4, 'Deposit', 15600.00, '2023-12-14 14:30:00'),
  (8, 3, 'Withdrawal', 4700.00, '2023-12-15 10:45:00'),
  (9, 2, 'Deposit', 26000.00, '2023-12-16 16:00:00'),
  (2, 1, 'Withdrawal', 14800.00, '2023-12-17 11:15:00'),
  (1, 4, 'Deposit', 15900.00, '2023-12-18 13:40:00'),
  (2, 3, 'Withdrawal', 4800.00, '2023-12-19 09:55:00'),
  (3, 2, 'Deposit', 26500.00, '2023-12-20 15:10:00'),
  (4, 1, 'Withdrawal', 15100.00, '2023-12-21 11:25:00'),
  (5, 4, 'Deposit', 16200.00, '2023-12-22 13:50:00'),
  (6, 3, 'Withdrawal', 4900.00, '2023-12-23 10:05:00'),
  (7, 2, 'Deposit', 27000.00, '2023-12-24 16:20:00'),
  (8, 1, 'Withdrawal', 15400.00, '2023-12-25 11:35:00'),
  (9, 4, 'Deposit', 16500.00, '2023-12-26 14:10:00'),
  (10, 3, 'Withdrawal', 5000.00, '2023-12-27 10:25:00'),
  (11, 2, 'Deposit', 27500.00, '2023-12-28 15:40:00'),
  (12, 1, 'Withdrawal', 15700.00, '2023-12-29 11:55:00'),
  (13, 4, 'Deposit', 16800.00, '2023-12-30 14:20:00'),
  (14, 3, 'Withdrawal', 5100.00, '2023-12-31 10:35:00'),
  (15, 2, 'Deposit', 28000.00, '2024-01-01 15:50:00'),
  (16, 1, 'Withdrawal', 16000.00, '2024-01-02 12:05:00'),
  (17, 4, 'Deposit', 17100.00, '2024-01-03 14:30:00'),
  (18, 3, 'Withdrawal', 5200.00, '2024-01-04 10:45:00'),
  (19, 2, 'Deposit', 28500.00, '2024-01-05 16:00:00'),
  (20, 1, 'Withdrawal', 16300.00, '2024-01-06 11:15:00'),
  (21, 4, 'Deposit', 17400.00, '2024-01-07 13:40:00'),
  (22, 3, 'Withdrawal', 5300.00, '2024-01-08 09:55:00'),
  (23, 2, 'Deposit', 29000.00, '2024-01-09 15:10:00'),
  (24, 1, 'Withdrawal', 16600.00, '2024-01-10 11:25:00'),
  (25, 4, 'Deposit', 17700.00, '2024-01-11 13:50:00'),
  (26, 3, 'Withdrawal', 5400.00, '2024-01-12 10:05:00'),
  (27, 2, 'Deposit', 29500.00, '2024-01-13 16:20:00'),
  (28, 1, 'Withdrawal', 16900.00, '2024-01-14 11:35:00'),
  (29, 4, 'Deposit', 18000.00, '2024-01-15 14:10:00'),
  (30, 3, 'Withdrawal', 5500.00, '2024-01-16 10:25:00'),
  (31, 2, 'Deposit', 30000.00, '2024-01-17 15:40:00'),
  (32, 1, 'Withdrawal', 17200.00, '2024-01-18 11:55:00'),
  (33, 4, 'Deposit', 18300.00, '2024-01-19 14:20:00')
  ;

INSERT INTO transactions (account_id, employee_id, transaction_type, amount, transaction_date) VALUES
(1, 3, 'Withdrawal', 1000.00, '2023-01-01 10:00:00'),
(2, 4, 'Deposit', 2000.00, '2023-01-02 14:30:00'),
(3, 1, 'Withdrawal', 1500.00, '2023-01-03 09:45:00'),
(4, 2, 'Deposit', 2500.00, '2023-01-04 11:15:00'),
(5, 3, 'Withdrawal', 1200.00, '2023-01-05 10:30:00'),
(6, 4, 'Deposit', 1800.00, '2023-01-06 12:45:00'),
(7, 1, 'Withdrawal', 1700.00, '2023-01-07 09:15:00'),
(8, 2, 'Deposit', 2200.00, '2023-01-08 13:00:00'),
(9, 3, 'Withdrawal', 1400.00, '2023-01-09 10:45:00'),
(10, 4, 'Deposit', 2100.00, '2023-01-10 15:30:00'),
(11, 1, 'Withdrawal', 1600.00, '2023-01-11 09:30:00'),
(12, 2, 'Deposit', 2300.00, '2023-01-12 16:15:00'),
(13, 3, 'Withdrawal', 1300.00, '2023-01-13 10:00:00'),
(14, 4, 'Deposit', 1900.00, '2023-01-14 14:45:00'),
(15, 1, 'Withdrawal', 1800.00, '2023-01-15 09:00:00'),
(16, 2, 'Deposit', 2400.00, '2023-01-16 11:30:00'),
(17, 3, 'Withdrawal', 1100.00, '2023-01-17 10:15:00'),
(18, 4, 'Deposit', 2000.00, '2023-01-18 12:30:00'),
(19, 1, 'Withdrawal', 1900.00, '2023-01-19 08:45:00'),
(20, 2, 'Deposit', 2500.00, '2023-01-20 13:15:00'),
(21, 3, 'Withdrawal', 1000.00, '2023-01-21 09:45:00'),
(22, 4, 'Deposit', 2200.00, '2023-01-22 14:00:00'),
(23, 1, 'Withdrawal', 2000.00, '2023-01-23 08:15:00'),
(24, 2, 'Deposit', 2600.00, '2023-01-24 12:45:00'),
(26, 4, 'Deposit', 2300.00, '2023-01-26 13:30:00'),
(27, 1, 'Withdrawal', 2100.00, '2023-01-27 09:45:00'),
(28, 2, 'Deposit', 2700.00, '2023-01-28 11:15:00'),
(29, 3, 'Withdrawal', 800.00, '2023-01-29 10:30:00'),
(30, 4, 'Deposit', 2400.00, '2023-01-30 12:45:00'),
(31, 1, 'Withdrawal', 2200.00, '2023-01-31 09:15:00'),
(32, 2, 'Deposit', 2800.00, '2023-02-01 13:00:00'),
(33, 3, 'Withdrawal', 700.00, '2023-02-02 10:45:00'),
(34, 4, 'Deposit', 2500.00, '2023-02-03 15:30:00'),
(35, 1, 'Withdrawal', 2300.00, '2023-02-04 09:30:00'),
(36, 2, 'Deposit', 2900.00, '2023-02-05 16:15:00'),
(37, 3, 'Withdrawal', 600.00, '2023-02-06 10:00:00'),
(38, 4, 'Deposit', 2600.00, '2023-02-07 14:45:00'),
(39, 1, 'Withdrawal', 2400.00, '2023-02-08 09:00:00'),
(40, 2, 'Deposit', 3000.00, '2023-02-09 11:30:00'),
(41, 3, 'Withdrawal', 500.00, '2023-02-10 10:15:00'),
(42, 4, 'Deposit', 2700.00, '2023-02-11 12:30:00'),
(43, 1, 'Withdrawal', 2500.00, '2023-02-12 08:45:00'),
(44, 2, 'Deposit', 3100.00, '2023-02-13 13:15:00'),
(45, 3, 'Withdrawal', 400.00, '2023-02-14 09:45:00'),
(46, 4, 'Deposit', 2800.00, '2023-02-15 14:00:00'),
(47, 1, 'Withdrawal', 2600.00, '2023-02-16 08:15:00'),
(48, 2, 'Deposit', 3200.00, '2023-02-17 12:45:00'),
(49, 3, 'Withdrawal', 300.00, '2023-02-18 10:00:00'),
(50, 4, 'Deposit', 2900.00, '2023-02-19 13:30:00'),
(51, 1, 'Withdrawal', 2700.00, '2023-02-20 09:45:00'),
(52, 2, 'Deposit', 3300.00, '2023-02-21 11:15:00'),
(53, 3, 'Withdrawal', 200.00, '2023-02-22 10:30:00'),
(54, 4, 'Deposit', 3000.00, '2023-02-23 12:45:00'),
(55, 1, 'Withdrawal', 2800.00, '2023-02-24 09:15:00'),
(56,2, 'Deposit',3400, '2023-02-25 13:00:00'),
(57,3, 'Withdrawal',100, '2023-02-26 10:45:00'),
(58,4, 'Deposit',3100, '2023-02-27 15:30:00'),
(59,1, 'Withdrawal',2900, '2023-02-28 09:30:00'),
(60,2, 'Deposit',3500, '2023-03-01 16:15:00'),
(61,3, 'Withdrawal',0, '2023-03-02 10:00:00'),
(62,4, 'Deposit',3200, '2023-03-03 14:45:00'),
(63,1, 'Withdrawal',3100, '2023-03-04 09:00:00'),
(64,2, 'Deposit',3600, '2023-03-05 11:30:00'),
(65,3, 'Withdrawal',200, '2023-03-06 10:15:00'),
(66,4, 'Deposit',3300, '2023-03-07 12:30:00'),
(67,1, 'Withdrawal',3200, '2023-03-08 08:45:00'),
(68,2, 'Deposit',3700, '2023-03-09 13:15:00'),
(69,3, 'Withdrawal',300, '2023-03-10 09:45:00'),
(70,4, 'Deposit',3400, '2023-03-11 14:00:00'),
(71,1, 'Withdrawal',3300, '2023-03-12 08:15:00'),
(72,2, 'Deposit',3800, '2023-03-13 12:45:00'),
(73,3, 'Withdrawal',400, '2023-03-14 10:00:00'),
(74,4, 'Deposit',3500, '2023-03-15 13:30:00'),
(75,1, 'Withdrawal',3400, '2023-03-16 09:45:00'),
(76,2, 'Deposit',3900, '2023-03-17 11:15:00'),
(77,3, 'Withdrawal',500, '2023-03-18 10:30:00'),
(78,4, 'Deposit',3600, '2023-03-19 12:45:00'),
(79,1, 'Withdrawal',3500, '2023-03-20 09:15:00'),
(80,2, 'Deposit',4000, '2023-03-21 13:00:00'),
(81,3, 'Withdrawal',600, '2023-03-22 10:45:00'),
(82,4, 'Deposit',3700, '2023-03-23 15:30:00'),
(83,1, 'Withdrawal',3600, '2023-03-24 09:30:00'),
(84,2, 'Deposit',4100, '2023-03-25 16:15:00'),
(85,3, 'Withdrawal',700, '2023-03-26 10:00:00'),
(86,4, 'Deposit',3800, '2023-03-27 14:45:00'),
(87,1, 'Withdrawal',3700, '2023-03-28 09:00:00'),
(88,2, 'Deposit',4200, '2023-03-29 11:30:00'),
(89,3, 'Withdrawal',800, '2023-03-30 10:15:00'),
(90,4, 'Deposit',3900, '2023-03-31 12:30:00'),
(91,1, 'Withdrawal',3800, '2023-04-01 08:45:00'),
(92,2, 'Deposit',4300, '2023-04-02 13:15:00'),
(93,3, 'Withdrawal',900, '2023-04-03 09:45:00'),
(94,4, 'Deposit',4000, '2023-04-04 14:00:00'),
(95,1, 'Withdrawal',3900, '2023-04-05 08:15:00'),
(1,3, 'Deposit',2430, '2023-02-25 13:00:00'),
(2,4, 'Withdrawal',5731, '2023-02-26 10:45:00'),
(3,2, 'Deposit',5965, '2023-02-27 15:30:00'),
(4,5, 'Withdrawal',1902, '2023-02-28 09:30:00'),
(5,5, 'Deposit',3339, '2023-03-01 16:15:00'),
(6,3, 'Withdrawal',3415, '2023-03-02 10:00:00'),
(7,3, 'Deposit',784, '2023-03-03 14:45:00'),
(8,5, 'Withdrawal',5324, '2023-03-04 09:00:00'),
(9,2, 'Deposit',5960, '2023-03-05 11:30:00'),
(10,2, 'Withdrawal',1047, '2023-03-06 10:15:00'),
(11,3, 'Deposit',8031, '2023-03-07 12:30:00'),
(12,3, 'Withdrawal',9091, '2023-03-08 08:45:00'),
(13,2, 'Deposit',304, '2023-03-09 13:15:00'),
(14,5, 'Withdrawal',6250, '2023-03-10 09:45:00'),
(15,3, 'Deposit',129, '2023-03-11 14:00:00'),
(16,3, 'Withdrawal',5288, '2023-03-12 08:15:00'),
(17,1, 'Deposit',7524, '2023-03-13 12:45:00'),
(18,5, 'Withdrawal',618, '2023-03-14 10:00:00'),
(19,2, 'Deposit',1572, '2023-03-15 13:30:00'),
(20,4, 'Withdrawal',2759, '2023-03-16 09:45:00'),
(21,5, 'Deposit',991, '2023-03-17 11:15:00'),
(22,2, 'Withdrawal',2697, '2023-03-18 10:30:00'),
(23,2, 'Deposit',1439, '2023-03-19 12:45:00'),
(24,4, 'Withdrawal',4092, '2023-03-20 09:15:00'),
(25,3, 'Deposit',1957, '2023-03-21 13:00:00'),
(26,4, 'Withdrawal',3663, '2023-03-22 10:45:00'),
(27,1, 'Deposit',2257, '2023-03-23 15:30:00'),
(28,1, 'Withdrawal',2402, '2023-03-24 09:30:00'),
(29,3, 'Deposit',9381, '2023-03-25 16:15:00'),
(30,4, 'Withdrawal',6678, '2023-03-26 10:00:00'),
(31,2, 'Deposit',6433, '2023-03-27 14:45:00'),
(32,4, 'Withdrawal',1349, '2023-03-28 09:00:00'),
(33,5, 'Deposit',4721, '2023-03-29 11:30:00'),
(34,3, 'Withdrawal',5933, '2023-03-30 10:15:00'),
(35,3, 'Deposit',7739, '2023-03-31 12:30:00'),
(36,2, 'Withdrawal',7164, '2023-04-01 08:45:00'),
(37,1, 'Deposit',5892, '2023-04-02 13:15:00'),
(38,1, 'Withdrawal',9875, '2023-04-03 09:45:00'),
(39,4, 'Deposit',2095, '2023-04-04 14:00:00'),
(40,2, 'Withdrawal',8686, '2023-04-05 08:15:00'),
(41,2, 'Deposit',3546, '2023-02-25 13:00:00'),
(42,3, 'Withdrawal',219, '2023-02-26 10:45:00'),
(43,5, 'Deposit',5355, '2023-02-27 15:30:00'),
(44,2, 'Withdrawal',845, '2023-02-28 09:30:00'),
(45,1, 'Deposit',9095, '2023-03-01 16:15:00'),
(46,5, 'Withdrawal',6256, '2023-03-02 10:00:00'),
(47,4, 'Deposit',5227, '2023-03-03 14:45:00'),
(48,3, 'Withdrawal',8256, '2023-03-04 09:00:00'),
(49,3, 'Deposit',5531, '2023-03-05 11:30:00'),
(50,4, 'Withdrawal',926, '2023-03-06 10:15:00'),
(51,3, 'Deposit',7236, '2023-03-07 12:30:00'),
(52,2, 'Withdrawal',3883, '2023-03-08 08:45:00'),
(53,3, 'Deposit',4688, '2023-03-09 13:15:00'),
(54,5, 'Withdrawal',4141, '2023-03-10 09:45:00'),
(55,4, 'Deposit',5153, '2023-03-11 14:00:00'),
(56,1, 'Withdrawal',949, '2023-03-12 08:15:00'),
(57,3, 'Deposit',8526, '2023-03-13 12:45:00'),
(58,3, 'Withdrawal',9202, '2023-03-14 10:00:00'),
(59,3, 'Deposit',6431, '2023-03-15 13:30:00'),
(60,5, 'Withdrawal',4660, '2023-03-16 09:45:00'),
(61,2, 'Deposit',370, '2023-03-17 11:15:00'),
(62,5, 'Withdrawal',2244, '2023-03-18 10:30:00'),
(63,2, 'Deposit',5519, '2023-03-19 12:45:00'),
(64,1, 'Withdrawal',8205, '2023-03-20 09:15:00'),
(65,4, 'Deposit',1166, '2023-03-21 13:00:00'),
(66,4, 'Withdrawal',3787, '2023-03-22 10:45:00'),
(67,2, 'Deposit',456, '2023-03-23 15:30:00'),
(68,2, 'Withdrawal',7730, '2023-03-24 09:30:00'),
(69,1, 'Deposit',615, '2023-03-25 16:15:00'),
(70,4, 'Withdrawal',2389, '2023-03-26 10:00:00'),
(71,5, 'Deposit',5302, '2023-03-27 14:45:00'),
(72,2, 'Withdrawal',2203, '2023-03-28 09:00:00'),
(73,2, 'Deposit',5293, '2023-03-29 11:30:00'),
(74,4, 'Withdrawal',4583, '2023-03-30 10:15:00'),
(75,3, 'Deposit',326, '2023-03-31 12:30:00'),
(76,4, 'Withdrawal',9109, '2023-04-01 08:45:00'),
(77,3, 'Deposit',4008, '2023-04-02 13:15:00'),
(78,2, 'Withdrawal',5279, '2023-04-03 09:45:00'),
(79,4, 'Deposit',1427, '2023-04-04 14:00:00'),
(80,3, 'Withdrawal',4048, '2023-04-05 08:15:00'),
(81,3, 'Deposit',3381, '2023-02-25 13:00:00'),
(82,5, 'Withdrawal',2275, '2023-02-26 10:45:00'),
(83,5, 'Deposit',5473, '2023-02-27 15:30:00'),
(84,3, 'Withdrawal',2101, '2023-02-28 09:30:00'),
(84,1, 'Deposit',1851, '2023-03-01 16:15:00'),
(84,2, 'Withdrawal',6618, '2023-03-02 10:00:00'),
(8,1, 'Deposit',840, '2023-03-03 14:45:00'),
(8,4, 'Withdrawal',9035, '2023-03-04 09:00:00'),
(9,4, 'Deposit',4852, '2023-03-05 11:30:00'),
(9,1, 'Withdrawal',803, '2023-03-06 10:15:00'),
(1,1, 'Deposit',9728, '2023-03-07 12:30:00'),
(2,5, 'Withdrawal',2355, '2023-03-08 08:45:00'),
(3,1, 'Deposit',4096, '2023-03-09 13:15:00'),
(4,1, 'Withdrawal',3878, '2023-03-10 09:45:00'),
(5,5, 'Deposit',7167, '2023-03-11 14:00:00'),
(6,4, 'Withdrawal',8416, '2023-03-12 08:15:00'),
(7,1, 'Deposit',5594, '2023-03-13 12:45:00'),
(8,4, 'Withdrawal',9079, '2023-03-14 10:00:00'),
(9,1, 'Deposit',3273, '2023-03-15 13:30:00'),
(10,5, 'Withdrawal',3536, '2023-03-16 09:45:00')
;

INSERT INTO reports (report_name, report_description, report_date)
VALUES
    ('Sales Report', 'Monthly sales report for Q1', '2023-01-01'),
    ('Financial Statement', 'Quarterly financial statement', '2023-01-15'),
    ('Marketing Campaign Analysis', 'Analysis of the recent marketing campaign', '2023-02-05'),
    ('Customer Satisfaction Survey', 'Results of the customer satisfaction survey', '2023-02-20'),
    ('Inventory Audit Report', 'Audit report for the inventory management system', '2023-03-10'),
    ('Website Traffic Analytics', 'Analysis of website traffic and user behavior', '2023-03-25'),
    ('Employee Performance Review', 'Performance review of employees', '2023-04-05'),
    ('Product Development Update', 'Update on ongoing product development projects', '2023-04-20'),
    ('Risk Assessment Report', 'Assessment of potential risks and mitigation strategies', '2023-05-01'),
    ('Market Research Analysis', 'Analysis of market trends and competitor analysis', '2023-05-15'),
    ('Quarterly Sales Forecast', 'Sales forecast for the upcoming quarter', '2023-06-05'),
    ('Expense Report', 'Detailed report of company expenses', '2023-06-20'),
    ('Training Evaluation Report', 'Evaluation of employee training programs', '2023-07-01'),
    ('Project Status Update', 'Update on project progress and milestones', '2023-07-15'),
    ('Customer Complaint Analysis', 'Analysis of customer complaints and resolutions', '2023-08-05'),
    ('Profit and Loss Statement', 'Financial statement showing profit and loss', '2023-08-20'),
    ('Market Share Analysis', 'Analysis of market share and competitive positioning', '2023-09-05'),
    ('Supplier Performance Evaluation', 'Evaluation of supplier performance and quality', '2023-09-20'),
    ('Budget Allocation Report', 'Report on the allocation of budget to various departments', '2023-10-01'),
    ('Customer Retention Analysis', 'Analysis of customer retention and churn rate', '2023-10-15'),
    ('IT Infrastructure Audit', 'Audit report of IT infrastructure and security', '2023-11-05'),
    ('Sales Performance Dashboard', 'Dashboard showing sales performance metrics', '2023-11-20'),
    ('Product Quality Inspection', 'Inspection report for product quality control', '2023-12-05'),
    ('Employee Satisfaction Survey', 'Results of the employee satisfaction survey', '2023-12-20'),
    ('Competitor Analysis Report', 'Analysis of competitors and market positioning', '2024-01-05'),
    ('Social Media Engagement Report', 'Report on social media engagement and reach', '2024-01-20'),
    ('Annual Financial Report', 'Yearly financial report for stakeholders', '2024-02-05'),
    ('Marketing ROI Analysis', 'Analysis of marketing return on investment', '2024-02-20'),
    ('Customer Segmentation Report', 'Report on customer segmentation and targeting', '2024-03-05'),
    ('Supply Chain Performance', 'Analysis of supply chain performance and efficiency', '2024-03-20')
    ;

/* ======================= END INSERTING VALUES ========================*/

